conductions,3,139.686
mulches,5,121.079
fitchews,5,145.439
rowdiest,1,135.962
budder,5,133.741
lores,7,112.888
ambivalence,4,155.883
disregarded,7,127.983
lychees,9,140.879
clumpier,2,150.202
philatelist,1,112.863
kneads,9,148.293
nylons,9,134.687
transcends,9,116.796
intolerably,3,109.724
misplacing,2,129.963
exposals,9,127.953
gangrening,1,175.175
calcite,4,135.313
aptness,4,143.208
chalked,8,150.265
mensches,2,199.332
dryness,5,109.523
unneighborly,7,186.61
off,4,112.472
rammer,10,181.928
imaginable,6,151.897
brickbat,5,191.258
regales,8,145.684
roarings,8,172.718
clumpier,1,145.276
passengers,4,118.17
nimmed,9,125.233
cordlike,2,140.63
malfeasance,6,154.327
juggler,10,174.476
busheler,5,124.997
clumpier,10,182.646
espanoles,2,181.629
crayons,4,177.227
defused,8,172.938
morello,1,180.978
whams,6,125.802
fornical,5,118.488
rowdiest,9,191.17
retirer,8,123.962
granddad,2,195.261
waftage,2,123.475
tubbers,4,135.77
highjack,8,157.586
premenopausal,10,149.316
boletus,4,199.985
primmer,5,182.131
conductions,1,111.593
carpals,10,169.894
goatfish,2,191.172
guttler,10,120.986
algerine,5,127.162
opium,10,118.867
housecleaning,6,110.333
curtailments,3,128.823
algerine,8,146.138
homeliness,10,124.715
ostriches,1,171.71
roarings,3,131.429
transcends,7,170.516
cordlike,10,111.397
shebeans,8,139.099
superlain,9,100.326
ficklest,7,169.885
tabourer,6,103.085
sweep,5,128.543
kenos,9,118.653
stelar,6,152.356
angelica,9,113.184
lores,8,125.172
aptness,6,128.284
resets,3,149.926
uraniums,7,190.386
skits,1,104.8
overamplifies,8,176.954
ewers,7,124.241
juggler,8,157.298
outloves,7,163.283
repartee,10,118.574
retirer,4,115.305
generousness,5,172.246
peddles,7,172.455
ladybugs,5,133.346
perfunctory,6,171.061
emergent,2,180.274
sweep,2,143.939
belfry,5,113.165
unchary,4,177.604
cordlike,6,144.406
belfry,1,178.052
pillowcases,4,149.048
dowsing,5,124.563
rowdiest,7,127.922
chalked,1,101.563
visibly,3,102.162
defused,6,116.646
regales,10,157.664
off,10,190.322
ostriches,9,163.431
televiews,4,157.934
propane,4,133.152
counterfeits,8,125.353
moistful,9,133.378
scanty,1,195.281
outloves,4,107.272
silverware,4,101.334
womby,10,106.031
accompaniment,9,105.332
jefes,8,160.424
visibly,6,127.71
passengers,7,149.353
isatinic,8,173.228
mulches,2,137.121
livestocks,5,107.145
antiquing,7,101.787
pillowcases,8,123.872
algerine,4,116.293
scanty,8,183.813
barre,4,157.161
rhonchus,4,107.092
uraniums,7,184.914
sweep,6,117.281
morello,5,157.225
defused,5,198.782
disbuds,10,166.722
faker,10,175.296
poplins,2,121.902
superlain,2,183.588
kenos,8,147.304
betide,5,178.818
shebeans,10,121.038
quinina,4,142.021
gangrening,2,116.447
adjoined,6,123.316
cogitates,1,124.99
waftage,3,112.753
conductions,8,121.646
regales,6,125.72
stelar,5,177.182
soma,3,170.473
isatinic,2,179.098
primmer,7,167.366
seriating,5,180.528
athletics,6,119.353
deodara,6,104.921
stelar,6,119.834
dethroned,6,128.432
blinding,7,187.051
silverware,1,198.144
brickbat,3,179.691
succeed,5,134.619
pillowcases,3,185.493
practises,8,130.58
jefes,8,175.852
verstes,4,190.877
boletus,3,117.649
jefes,7,118.987
cordlike,4,155.511
nylons,5,167.207
televiews,3,159.268
myomas,7,107.546
unfit,9,172.897
cautiousness,1,188.674
ambivalence,3,192.351
thallic,9,162.288
jefes,1,165.154
indecorously,3,141.14
commercialize,9,178.258
premenopausal,7,130.764
zareebas,5,153.054
rhonchus,6,113.933
womby,6,136.518
rammer,1,169.28
perfunctory,2,178.958
relaunches,7,166.738
shebeans,2,192.112
dethroned,6,190.431
dowsing,4,123.488
televiews,10,185.594
disregarded,10,116.376
fornical,10,185.649
beck,9,127.536
ewers,7,161.732
guttler,6,146.691
fornical,7,104.332
scanty,1,114.113
debris,3,137.827
rhonchus,2,154.112
reached,3,178.697
thallic,9,141.501
wikiups,4,165.379
womby,1,108.416
sparker,1,175.466
superlain,6,147.281
outloves,10,147.18
hygeists,2,128.31
rammer,1,132.761
flittered,2,184.025
planche,10,144.993
engagements,8,126.041
rammer,9,131.723
sludgy,2,198.403
rechanneled,6,178.025
highjack,7,160.294
targe,8,145.099
chowing,2,175.851
visibly,6,130.428
practises,7,189.873
girting,1,181.096
budder,8,180.961
poplins,4,180.197
chalked,9,129.121
goatfish,6,108.744
haughty,6,147.546
pillowcases,10,118.781
antiquing,3,171.81
betide,9,168.029
conductions,10,113.378
frilling,5,196.904
enwomb,9,196.698
sturgeon,10,147.691
retirer,8,199.092
cogitates,4,168.542
accompaniment,9,160.992
bourgeois,2,121.642
perfunctory,6,196.211
transcends,6,191.564
boletus,7,130.019
womby,9,164.326
nylons,8,160.121
sludgy,6,100.995
generousness,7,129.724
tore,10,140.396
dowsing,7,184.1
peddles,7,137.308
enwomb,4,174.29
housecleaning,2,190.539
womby,2,157.217
ambivalence,1,183.584
thallic,10,166.903
gangrening,7,121.7
intolerably,4,164.573
adjoined,5,174.567
shebeans,8,192.105
puckered,10,104.46
philatelist,3,154.349
squirting,3,140.303
silverware,4,117.514
fitchews,4,118.323
outloves,10,149.312
grosses,2,162.337
story,3,153.109
dowsing,6,197.488
zareebas,2,132.374
busheler,9,173.644
screed,9,187.5
midline,1,105.14
algerine,6,104.009
titivates,9,194.318
whams,9,116.712
waterers,5,185.2
doggier,6,183.778
indecorously,4,184.09
clanging,10,126.059
girting,5,137.506
midline,5,101.783
angelica,3,173.577
tabourer,10,154.06
tabourer,4,145.421
dowsing,4,129.109
off,2,131.4
verstes,9,161.349
wikiups,7,126.482
aptness,3,173.852
snobby,6,108.818
story,8,186.149
blinding,6,188.226
squirting,9,133.653
puttering,2,111.027
puckered,8,117.503
athletics,9,199.938
grosses,6,145.339
grosses,7,144.66
sludgy,4,116.474
vapourers,10,126.388
repartee,8,144.665
chervils,4,194.337
emergent,5,136.874
livestocks,8,136.376
crayons,1,151.227
sparker,9,110.652
contention,5,193.173
passengers,1,103.991
chalked,8,114.045
ladybugs,2,135.945
off,6,161.712
fitchews,7,161.163
intolerably,5,180.317
nectaries,10,130.212
helium,3,160.516
lychees,1,113.824
tabourer,9,157.712
thallic,6,145.062
aptness,3,164.773
gangrening,3,104.415
homeliness,5,166.709
disregarded,2,188.284
antiquing,1,148.747
puckered,7,112.495
mintiest,1,102.293
stelar,5,157.394
tubbers,1,107.565
whams,4,160.864
instigator,7,124.429
televiews,4,198.485
nectaries,8,123.433
planche,2,104.306
helium,3,112.487
thudding,2,152.645
disregarded,4,163.923
abasement,3,185.88
passengers,2,129.963
womby,10,193.072
athletics,6,192.361
rhonchus,8,132.657
helium,3,188.418
uraniums,6,155.586
marina,10,181.452
athletics,1,127.415
ficklest,8,169.17
superlain,6,109.936
disbuds,6,170.492
disregarded,10,114.914
planche,7,175.525
vapourers,1,101.529
emergent,6,173.115
gangrening,5,140.905
roarings,4,186.846
morello,6,100.205
nonskiers,3,192.38
regales,4,120.253
maybe,2,183.877
abasement,6,156.26
xanthoma,8,177.905
lightproof,10,153.369
chalked,10,183.283
perfunctory,4,148.72
rowdiest,8,194.37
peddles,9,145.711
twirling,5,170.482
verstes,9,169.651
untraced,6,113.399
beck,10,177.289
opium,4,196.279
passengers,9,147.891
imprecision,3,147.502
puckered,10,197.13
planche,5,183.676
peddles,1,177.621
guttler,2,132.386
avidities,9,144.684
espanoles,9,187.117
tore,3,140.622
story,7,164.408
uraniums,9,174.62
ozonizing,10,166.87
passengers,4,132.19
tabourer,8,144.425
livestocks,8,110.827
waftage,6,187.454
counterfeits,10,173.178
earful,2,151.176
nonskiers,9,129.885
nylons,9,148.882
fomenters,7,162.769
waftage,9,188.833
dowsing,3,109.275
fitchews,5,198.369
quinina,4,178.74
thallic,1,122.049
practises,7,182.297
repartee,6,138.15
off,10,142.688
wikiups,6,164.764
adjoined,4,120.245
angelica,5,150.779
generousness,10,145.686
ficklest,2,100.396
stelar,3,160.272
wikiups,5,122.971
intolerably,4,101.433
ladybugs,1,190.723
juggler,8,100.957
arthropod,9,125.875
puttering,6,131.293
sweep,8,109.483
ladybugs,4,173.273
mulches,5,196.343
sludgy,3,103.789
accompaniment,2,163.49
cordlike,10,129.749
passengers,10,182.264
succeed,9,153.12
unneighborly,6,172.531
scanty,4,142.766
emergent,9,125.973
roarings,6,155.705
commercialize,5,101.57
sparker,9,171.296
carpals,4,174.094
intolerably,3,198.094
juggler,1,175.907
superlain,8,105.953
lateraling,6,125.303
ambivalence,1,142.065
antiquing,7,139.178
chowing,9,179.212
repartee,5,105.661
saddling,3,160.662
moistful,1,109.956
antiquing,5,182.741
nonskiers,3,101.617
athletics,4,167.299
canter,5,154.576
rechanneled,9,137.015
sludgy,2,111.582
barre,1,189.589
myomas,4,125.696
sweep,2,117.266
seeding,7,109.207
reached,10,185.629
propane,10,144.56
lychees,1,122.933
defused,1,180.811
rammer,4,132.662
unneighborly,2,120.273
bailouts,10,150.339
bourgeois,2,157.676
overplaying,10,173.131
waterers,6,142.736
womby,5,120.25
carpals,3,196.216
mulches,6,188.907
splining,5,162.733
cordlike,6,146.586
legmen,5,186.001
enwomb,1,161.171
mulches,6,171.473
overamplifies,1,163.607
earful,2,149.03
clumpier,8,114.417
poplins,9,103.94
tore,7,199.631
superlain,3,181.753
snobby,2,185.647
plutonium,8,121.714
relaunches,10,174.332
dryness,10,156.499
kenos,8,190.561
regales,7,137.914
sturgeon,2,181.392
disbuds,8,138.671
relaunches,10,102.351
goatfish,6,174.635
canter,2,145.718
conductions,1,174.417
budder,3,162.929
puttering,1,111.853
titivates,8,192.737
seeding,9,123.273
avidities,4,188.707
trilobed,9,137.187
intolerably,7,114.822
imprecision,7,188.911
plutonium,2,184.173
legmen,3,160.624
algerine,6,148.783
legmen,4,148.798
whams,2,194.339
chalked,4,108.362
jefes,9,117.928
rammer,10,132.78
malfeasance,1,188.786
calcite,2,169.513
soma,4,197.93
engagements,3,141.757
fornical,7,165.813
pillowcases,6,145.314
furnaced,6,105.847
resets,1,109.837
sparker,2,122.695
brickbat,4,167.472
outloves,8,186.66
puttering,1,124.532
retirer,5,126.542
soma,3,190.232
saddling,4,151.998
practises,2,104.635
outloves,6,149.704
eighths,4,150.545
visibly,10,176.198
chowing,8,193.796
thudding,4,158.752
housecleaning,4,193.33
womby,10,107.742
story,6,148.957
moistful,3,156.47
enwomb,4,192.184
housecleaning,6,144.286
peddles,6,197.549
engagements,4,114.489
livestocks,4,104.71
dryness,2,171.554
feathered,9,128.193
adjoined,2,107.168
waftage,2,156.962
lychees,10,150.237
guttler,5,111.27
engagements,5,168.925
televiews,2,107.026
fitchews,10,171.202
shebeans,6,127.223
overamplifies,1,129.663
conductions,5,159.735
midline,6,137.884
cordlike,3,162.1
rechanneled,5,101.847
nimmed,2,169.71
waftage,3,158.426
clumpier,5,158.885
repartee,4,111.769
tabourer,6,199.526
xanthoma,2,178.889
plutonium,6,138.673
sparker,10,103.291
barre,2,133.552
splining,5,166.495
barre,8,147.126
titivates,10,118.806
legmen,3,129.505
moistful,2,170.375
conductions,7,133.51
overamplifies,8,187.364
biome,4,160.239
morello,3,172.06
hamstrings,3,128.325
kneads,8,125.664
whams,2,184.747
calcite,3,175.673
avidities,9,136.16
repartee,8,138.572
puttering,10,102.55
overplaying,5,114.173
busheler,8,129.529
plutonium,7,112.892
conductions,10,131.053
infrequently,2,122.593
transcends,7,181.443
tabourer,5,185.728
unchary,9,126.123
lores,5,105.206
midline,8,148.273
thallic,1,175.685
rowdiest,3,180.208
jefes,8,114.883
boletus,10,177.69
espanoles,1,139.981
seeding,10,177.918
homeliness,4,176.045
ladybugs,9,119.268
bailouts,4,143.924
disregarded,5,192.16
rechanneled,4,124.309
thudding,5,142.156
mulches,4,145.407
snobby,8,109.182
stelar,2,198.336
philatelist,2,131.883
seeding,4,189.524
bourgeois,5,193.61
mensches,10,121.45
quinina,5,177.237
deodara,2,189.368
silverware,5,165.339
wikiups,7,127.268
nylons,1,161.187
zareebas,7,101.262
fomenters,6,151.456
agers,7,146.902
soma,8,199.697
superlain,3,137.205
carpals,9,125.036
furnaced,5,110.126
screed,5,116.689
rowdiest,9,104.453
passengers,4,197.871
silverware,10,183.973
doggier,2,128.145
thudding,9,109.593
thallic,9,117.336
gangrening,5,185.2
quinina,1,153.675
maybe,5,105.477
stelar,2,161.949
pillowcases,9,101.935
gangrening,2,175.339
planche,7,174.461
misplacing,5,149.05
chalked,3,175.547
chervils,9,152.746
myomas,9,184.546
pillowcases,1,161.627
livestocks,5,124.855
ambivalence,1,161.682
clumpier,4,161.239
ladybugs,9,171.683
fornical,5,196.852
kenos,7,166.775
ladybugs,3,142.988
isatinic,2,136.467
clumpier,6,171.888
pillowcases,1,188.768
bourgeois,4,169.841
flittered,7,180.636
antiquing,6,195.154
practises,10,179.926
debris,2,147.943
cogitates,5,138.324
thudding,1,198.47
counterfeits,3,106.69
dryness,1,138.012
rammer,2,167.4
hamstrings,4,119.036
ambivalence,3,193.864
crayons,6,191.633
nimmed,1,131.875
quinina,6,138.732
angelica,1,113.741
panzers,2,125.238
intolerably,2,194.518
frilling,8,134.343
rechanneled,4,181.677
jefes,8,174.736
waftage,2,179.425
commercialize,4,175.079
frilling,10,146.021
mintiest,9,116.176
sanserif,6,167.622
beck,9,144.077
mintiest,9,173.27
roarings,2,179.181
homeliness,10,143.992
avidities,4,127.172
quinina,4,135.819
lightproof,9,175.255
livestocks,5,141.374
emergent,6,157.743
fornical,10,118.584
girting,10,138.311
granddad,2,145.579
seeding,6,128.234
homeliness,1,145.366
thallic,3,168.322
untraced,3,128.514
puckered,4,130.589
sweep,8,181.322
generousness,8,161.948
barre,2,171.259
goatfish,5,148.692
fitchews,9,198.577
grosses,3,104.098
reached,9,105.961
legmen,1,127.06
avidities,7,196.738
showgirls,3,152.004
panzers,10,149.369
seeding,6,127.971
sludgy,8,182.159
belfry,2,113.671
rowdiest,5,117.686
ostriches,6,184.844
planche,3,182.339
commercialize,8,132.103
crayons,3,101.766
lightproof,8,115.178
twirling,3,172.898
womby,4,195.538
mintiest,4,136.455
kneads,7,138.935
shebeans,1,149.431
planche,6,101.241
biome,4,151.969
televiews,4,114.1
contention,2,160.12
resets,2,145.795
shebeans,8,163.618
waterers,4,122.551
imprecision,7,149.689
accompaniment,9,118.686
unneighborly,8,135.376
grosses,10,130.945
ostriches,4,125.073
pillowcases,3,160.255
midline,2,115.104
biome,5,188.211
infrequently,9,146.624
exposals,7,113.76
legmen,4,139.898
chervils,7,157.443
overplaying,6,117.957
cogitates,6,184.192
cogitates,6,158.705
enwomb,5,120.237
antiquing,3,161.703
jefes,10,143.577
mintiest,9,175.012
conductions,1,133.547
accompaniment,6,121.048
commercialize,6,167.748
stelar,9,154.777
nylons,9,135.941
lores,2,127.858
tabourer,8,149.282
nimmed,1,149.05
conductions,2,110.063
generousness,1,165.494
angelica,5,177.646
goatfish,6,115.411
saddling,10,156.393
retirer,4,146.585
hamstrings,10,190.845
silverware,2,126.726
algerine,4,131.622
propane,1,106.696
visibly,6,100.389
nylons,2,127.966
fornical,7,112.339
chowing,4,199.773
ladybugs,9,131.961
vapourers,8,115.368
agers,2,124.499
zareebas,5,101.362
quinina,7,110.834
sparker,7,144.201
off,10,118.833
roarings,2,160.532
thallic,4,106.679
granddad,6,166.836
verstes,8,183.425
girting,3,102.453
seriating,9,110.991
sanserif,4,178.03
gangrening,1,173.721
outloves,5,159.432
lychees,1,186.201
pillowcases,8,107.221
kneads,7,100.525
guttler,6,122.754
belfry,2,127.04
rechanneled,2,199.845
uraniums,8,101.665
cordlike,1,178.284
passengers,2,107.341
relaunches,1,108.533
unchary,8,139.167
wikiups,4,116.063
seeding,9,198.652
nonskiers,8,184.138
highjack,7,151.624
haughty,3,132.521
counterfeits,3,176.299
mensches,4,110.291
feathered,5,163.634
puckered,2,121.601
untraced,4,147.838
rammer,8,139.299
defused,4,147.056
lores,4,110.27
repartee,3,109.259
imprecision,3,144.221
ewers,3,194.472
gangrening,8,131.176
doggier,7,159.786
misplacing,2,189.672
defused,8,123.906
cautiousness,10,135.291
contention,9,136.262
sludgy,5,125.646
whams,7,120.448
crayons,10,177.283
practises,9,136.132
practises,1,172.258
moistful,9,167.421
succeed,1,100.542
uraniums,2,196.903
bourgeois,10,197.965
skits,7,195.429
haughty,5,152.108
furnaced,3,150.089
primmer,10,174.029
enwomb,7,132.062
bailouts,2,125.742
highjack,4,185.774
whams,5,136.947
plutonium,6,166.82
nonskiers,5,115.683
maybe,10,149.055
sludgy,6,159.112
angelica,2,154.263
cautiousness,8,174.21
visibly,8,190.84
avidities,4,143.662
livestocks,8,175.028
clanging,5,115.332
primmer,2,135.665
rammer,10,167.373
lateraling,7,171.69
ostriches,4,191.222
juggler,1,104.604
vapourers,6,102.849
rammer,8,102.399
mintiest,5,134.605
splining,3,109.56
scanty,1,159.582
espanoles,8,105.275
roarings,6,156.421
zareebas,3,189.511
antiquing,1,117.892
moistful,6,168.096
cordlike,6,108.527
repartee,2,142.906
sparker,9,151.16
trilobed,2,199.338
thudding,7,153.816
xanthoma,9,134.701
differ,10,177.926
fomenters,8,182.393
aptness,10,181.309
fitchews,7,187.364
haughty,7,181.226
vapourers,7,131.92
midline,3,145.32
dowsing,7,136.584
abasement,6,173.41
myomas,3,144.856
womby,6,118.106
premenopausal,1,170.971
doggier,1,141.182
pillowcases,9,158.82
mulches,6,170.212
budder,2,187.398
bourgeois,10,132.74
nonskiers,4,167.846
aptness,6,180.296
feathered,2,151.027
jefes,7,178.882
housecleaning,10,128.666
soma,6,173.995
kenos,7,163.517
adjoined,6,143.69
girting,9,192.333
marina,3,122.384
generousness,10,146.26
commercialize,3,176.344
superlain,7,187.635
rowdiest,3,179.493
chalked,1,185.694
clumpier,2,161.029
guttler,9,152.807
contention,7,173.937
sparker,4,194.182
philatelist,3,175.536
roarings,6,132.215
mensches,6,153.204
fornical,8,133.039
angelica,1,128.947
indecorously,8,168.424
twirling,4,119.593
ficklest,5,146.6
showgirls,8,175.729
flittered,1,170.332
hygeists,5,131.645
dame,10,184.186
busheler,3,133.766
counterfeits,7,121.289
furnaced,4,113.208
dryness,8,127.526
lores,6,193.851
stelar,9,141.064
housecleaning,3,152.12
engagements,7,123.108
perfunctory,2,108.458
lightproof,10,111.15
screed,9,129.403
helium,9,148.174
bailouts,9,152.089
carpals,2,148.05
ambivalence,9,168.218
biome,10,148.881
mensches,10,194.414
jefes,3,168.432
panzers,2,165.673
verstes,7,197.997
contention,8,108.563
verstes,2,179.459
eighths,1,139.763
ewers,6,131.028
gangrening,5,154.889
thudding,9,180.83
conductions,2,111.223
haughty,3,143.44
reached,9,187.036
skits,6,112.239
cordlike,2,118.88
deodara,7,168.909
grosses,9,108.424
malfeasance,3,195.802
plutonium,1,117.364
overplaying,8,129.222
tabourer,9,113.242
grosses,6,121.86
busheler,4,112.892
ficklest,9,100.868
sweep,5,101.897
puckered,3,194.168
cordlike,1,170.134
tubbers,6,165.728
sturgeon,2,165.047
flittered,6,156.391
curtailments,5,160.157
repartee,10,106.954
waterers,3,186.171
relaunches,4,176.388
agers,8,130.33
doggier,6,103.966
adjoined,4,102.563
trilobed,3,165.314
whams,4,147.302
adjoined,6,175.495
retirer,7,151.187
chalked,10,104.029
verstes,7,119.382
stelar,10,177.295
targe,4,181.639
midline,2,163.111
canter,1,167.314
maybe,9,109.704
resets,4,148.017
intolerably,2,124.095
moistful,5,107.576
imaginable,8,197.445
fornical,2,172.019
feathered,5,147.987
pillowcases,7,146.058
highjack,10,168.053
premenopausal,8,177.013
malfeasance,9,107.871
plutonium,5,198.271
waftage,4,181.755
eighths,2,181.946
faker,5,123.017
fornical,6,199.562
titivates,4,197.797
skits,10,124.456
instigator,4,131.123
girting,1,110.664
espanoles,8,106.524
ambivalence,9,163.167
agers,1,146.49
twirling,9,115.281
betide,10,140.786
dame,3,195.983
belfry,4,110.2
curtailments,10,102.832
disbuds,2,174.327
curtailments,7,154.639
crumblier,1,199.419
practises,3,137.248
stelar,3,176.257
algerine,5,164.915
cogitates,2,129.223
womby,6,134.801
chalked,4,129.527
chowing,7,135.713
skits,9,172.463
lightproof,4,179.49
soma,1,193.029
premenopausal,4,187.276
furnaced,10,179.821
seeding,2,171.994
gangrening,2,188.143
sparker,4,108.981
dryness,2,164.137
marina,5,106.17
